{
  "train_loss": [
    0.6823811206656197,
    0.5591075032328566
  ],
  "val_loss": [
    0.718177326892813,
    0.7063568588346243
  ],
  "train_acc": [
    0.5725260416666667,
    0.7126302083333333
  ],
  "val_acc": [
    0.5885416666666666,
    0.61875
  ],
  "train_f1": [
    0.5725190767217464,
    0.7124332345769271
  ],
  "val_f1": [
    0.5534825885292598,
    0.6099744245524297
  ]
}