{
  "experiment": "ResNet50 Image-Only Ablation",
  "accuracy": 0.5989583333333334,
  "accuracy_pct": 59.895833333333336,
  "precision_weighted": 0.600088235681456,
  "recall_weighted": 0.5989583333333334,
  "f1_weighted": 0.5978232838120606,
  "precision_per_class": [
    0.5894538606403014,
    0.6107226107226107
  ],
  "recall_per_class": [
    0.6520833333333333,
    0.5458333333333333
  ],
  "f1_per_class": [
    0.619188921859545,
    0.5764576457645765
  ],
  "precision_real": 0.5894538606403014,
  "precision_fake": 0.6107226107226107,
  "recall_real": 0.6520833333333333,
  "recall_fake": 0.5458333333333333,
  "f1_real": 0.619188921859545,
  "f1_fake": 0.5764576457645765,
  "confusion_matrix": [
    [
      313,
      167
    ],
    [
      218,
      262
    ]
  ],
  "best_val_acc": 0.6125,
  "epochs": 5,
  "epochs_actual": 4
}